{
  "0A9B4653-B11E-4D6A-850E-C6FCB621626C" : {
    "cameraTransform" : [
      0.9807314,
      -1.9820146e-10,
      -0.195361,
      0,
      -0.10051192,
      0.85749435,
      -0.5045798,
      0,
      0.16752096,
      0.51449335,
      0.84097165,
      0,
      0.09084191,
      0.05849296,
      0.13903293,
      1
    ],
    "objectMetadataList" : [
      [
        "0A9B4653-B11E-4D6A-850E-C6FCB621626C",
        "Root",
        "GridMaterial"
      ],
      {
        "isExpanded" : true,
        "isLocked" : false
      },
      [
        "0A9B4653-B11E-4D6A-850E-C6FCB621626C",
        "Root",
        "Sphere"
      ],
      {
        "isExpanded" : true,
        "isLocked" : false
      },
      [
        "0A9B4653-B11E-4D6A-850E-C6FCB621626C",
        "Root"
      ],
      {
        "isExpanded" : true,
        "isLocked" : false
      }
    ]
  },
  "01A389CE-549D-43D4-8082-422095AD9977" : {
    "cameraTransform" : [
      0.99999994,
      0,
      -0,
      0,
      -0,
      0.8660255,
      -0.49999988,
      0,
      0,
      0.49999988,
      0.8660255,
      0,
      0,
      0.27093542,
      0.46927398,
      1
    ],
    "objectMetadataList" : [
      [
        "01A389CE-549D-43D4-8082-422095AD9977",
        "Root"
      ],
      {
        "isExpanded" : true,
        "isLocked" : false
      },
      [
        "01A389CE-549D-43D4-8082-422095AD9977",
        "Root",
        "GridMaterial"
      ],
      {
        "isExpanded" : true,
        "isLocked" : false
      }
    ]
  },
  "1CBF3893-ABFD-408C-8B91-045BFD257808" : {
    "cameraTransform" : [
      0.99999994,
      0,
      -0,
      0,
      -0,
      0.8660255,
      -0.49999988,
      0,
      0,
      0.49999988,
      0.8660255,
      0,
      0,
      0.27093542,
      0.46927398,
      1
    ],
    "objectMetadataList" : [

    ]
  },
  "03E02005-EFA6-48D6-8A76-05B2822A74E9" : {
    "cameraTransform" : [
      0.99999994,
      0,
      -0,
      0,
      -0,
      0.8660254,
      -0.49999994,
      0,
      0,
      0.49999994,
      0.8660254,
      0,
      0,
      0.5981957,
      1.0361054,
      1
    ],
    "objectMetadataList" : [

    ]
  },
  "7EF42796-68EE-4330-954D-0853FBBEB57C" : {
    "cameraTransform" : [
      0.99999994,
      0,
      -0,
      0,
      -0,
      0.8660255,
      -0.49999988,
      0,
      0,
      0.49999988,
      0.8660255,
      0,
      0,
      0.27093542,
      0.46927398,
      1
    ],
    "objectMetadataList" : [

    ]
  },
  "26DBAE76-5DD8-47B6-A085-1B4ADA111097" : {
    "cameraTransform" : [
      0.19803646,
      4.0888004e-10,
      -0.9801946,
      0,
      -0.50555825,
      0.85672516,
      -0.1021419,
      0,
      0.83975744,
      0.5157732,
      0.16966282,
      0,
      0.31840175,
      0.19556095,
      0.06472926,
      1
    ],
    "objectMetadataList" : [
      [
        "26DBAE76-5DD8-47B6-A085-1B4ADA111097",
        "Root"
      ],
      {
        "isExpanded" : true,
        "isLocked" : false
      }
    ]
  },
  "34C460AE-CA1B-4348-BD05-621ACBDFFE97" : {
    "cameraTransform" : [
      0.99999994,
      0,
      -0,
      0,
      -0,
      0.8660255,
      -0.49999988,
      0,
      0,
      0.49999988,
      0.8660255,
      0,
      0,
      0.27093542,
      0.46927398,
      1
    ],
    "objectMetadataList" : [

    ]
  },
  "440DE5B4-E4E4-459B-AABF-9ACE96319272" : {
    "cameraTransform" : [
      0.99999994,
      0,
      -0,
      0,
      -0,
      0.8660254,
      -0.49999994,
      0,
      0,
      0.49999994,
      0.8660254,
      0,
      0,
      0.5981957,
      1.0361054,
      1
    ],
    "objectMetadataList" : [
      [
        "440DE5B4-E4E4-459B-AABF-9ACE96319272",
        "Root"
      ],
      {
        "isExpanded" : true,
        "isLocked" : false
      }
    ]
  },
  "71393687-2933-4D8A-AC10-8E59942BADC1" : {
    "cameraTransform" : [
      0.99999994,
      0,
      -0,
      0,
      -0,
      0.8660255,
      -0.49999988,
      0,
      0,
      0.49999988,
      0.8660255,
      0,
      0,
      0.27093542,
      0.46927398,
      1
    ],
    "objectMetadataList" : [
      [
        "71393687-2933-4D8A-AC10-8E59942BADC1",
        "Root"
      ],
      {
        "isExpanded" : true,
        "isLocked" : false
      }
    ]
  },
  "FBD8436F-6B8B-4B82-99B5-995D538B4704" : {
    "cameraTransform" : [
      0.99999994,
      0,
      -0,
      0,
      -0,
      0.8660254,
      -0.49999994,
      0,
      0,
      0.49999994,
      0.8660254,
      0,
      0,
      0.5981957,
      1.0361054,
      1
    ],
    "objectMetadataList" : [
      [
        "FBD8436F-6B8B-4B82-99B5-995D538B4704",
        "Root"
      ],
      {
        "isExpanded" : true,
        "isLocked" : false
      }
    ]
  }
}